-- Seed Data for Attendr Demo

-- Step 1: Insert Users (Professors and Students)
-- Replace with your own UUIDs if you wish, or use these generated ones.
-- NOTE: You will need to use the Professor's UUID in the professor-view.tsx component.

-- Professor
INSERT INTO users (id, name, email, role) VALUES
('00000000-0000-0000-0000-00000000000A', 'Dr. Bob', 'prof.bob@smu.edu', 'professor');

-- Students
INSERT INTO users (id, name, email, role) VALUES
('00000000-0000-0000-0000-000000000001', 'Alice Johnson', 'alice.j@smu.edu', 'student'),
('00000000-0000-0000-0000-000000000002', 'Bob Williams', 'bob.w@smu.edu', 'student'),
('00000000-0000-0000-0000-000000000003', 'Charlie Brown', 'charlie.b@smu.edu', 'student'),
('00000000-0000-0000-0000-000000000004', 'Diana Miller', 'diana.m@smu.edu', 'student'),
('00000000-0000-0000-0000-000000000005', 'Eve Davis', 'eve.d@smu.edu', 'student');


-- Step 2: Insert Courses
-- Assigns the courses to Dr. Turing.
-- NOTE: You will need to use these Course UUIDs in the Chrome Extension's mock schedule.
INSERT INTO courses (id, name, professor_id, start_time, end_time, location) VALUES
('00000000-0000-0000-0000-00000000001A', 'Introduction to Computer Science', '00000000-0000-0000-0000-00000000000A', '2025-09-25 09:00:00', '2025-09-25 10:30:00', 'Classroom A'),
('00000000-0000-0000-0000-00000000002B', 'Calculus II', '00000000-0000-0000-0000-00000000000A', '2025-09-25 11:00:00', '2025-09-25 12:30:00', 'Lecture Hall B');


-- Step 3: Enroll Students in Courses
-- Enroll Alice, Bob, and Charlie in CompSci
INSERT INTO enrollments (student_id, course_id) VALUES
('00000000-0000-0000-0000-000000000001', '00000000-0000-0000-0000-00000000001A'),
('00000000-0000-0000-0000-000000000002', '00000000-0000-0000-0000-00000000001A'),
('00000000-0000-0000-0000-000000000003', '00000000-0000-0000-0000-00000000001A');

-- Enroll Diana and Eve in Calculus
INSERT INTO enrollments (student_id, course_id) VALUES
('00000000-0000-0000-0000-000000000004', '00000000-0000-0000-0000-00000000002B'),
('00000000-0000-0000-0000-000000000005', '00000000-0000-0000-0000-00000000002B');


-- Step 4: Add Historical Attendance Logs
-- Create some logs to make the dashboard interesting.

-- CompSci Logs
INSERT INTO attendance_logs (student_id, course_id, is_present) VALUES
-- Alice (Present 9/10)
('00000000-0000-0000-0000-000000000001', '00000000-0000-0000-0000-00000000001A', true),
('00000000-0000-0000-0000-000000000001', '00000000-0000-0000-0000-00000000001A', true),
('00000000-0000-0000-0000-000000000001', '00000000-0000-0000-0000-00000000001A', true),
('00000000-0000-0000-0000-000000000001', '00000000-0000-0000-0000-00000000001A', true),
('00000000-0000-0000-0000-000000000001', '00000000-0000-0000-0000-00000000001A', false),
('00000000-0000-0000-0000-000000000001', '00000000-0000-0000-0000-00000000001A', true),
('00000000-0000-0000-0000-000000000001', '00000000-0000-0000-0000-00000000001A', true),
('00000000-0000-0000-0000-000000000001', '00000000-0000-0000-0000-00000000001A', true),
('00000000-0000-0000-0000-000000000001', '00000000-0000-0000-0000-00000000001A', true),
('00000000-0000-0000-0000-000000000001', '00000000-0000-0000-0000-00000000001A', true),
-- Bob (Present 10/10)
('00000000-0000-0000-0000-000000000002', '00000000-0000-0000-0000-00000000001A', true),
('00000000-0000-0000-0000-000000000002', '00000000-0000-0000-0000-00000000001A', true),
-- Charlie (Present 5/10)
('00000000-0000-0000-0000-000000000003', '00000000-0000-0000-0000-00000000001A', true),
('00000000-0000-0000-0000-000000000003', '00000000-0000-0000-0000-00000000001A', false),
('00000000-0000-0000-0000-000000000003', '00000000-0000-0000-0000-00000000001A', true),
('00000000-0000-0000-0000-000000000003', '00000000-0000-0000-0000-00000000001A', false),
('00000000-0000-0000-0000-000000000003', '00000000-0000-0000-0000-00000000001A', true),
('00000000-0000-0000-0000-000000000003', '00000000-0000-0000-0000-00000000001A', false),
('00000000-0000-0000-0000-000000000003', '00000000-0000-0000-0000-00000000001A', true),
('00000000-0000-0000-0000-000000000003', '00000000-0000-0000-0000-00000000001A', false),
('00000000-0000-0000-0000-000000000003', '00000000-0000-0000-0000-00000000001A', true),
('00000000-0000-0000-0000-000000000003', '00000000-0000-0000-0000-00000000001A', false);

-- Calculus Logs
INSERT INTO attendance_logs (student_id, course_id, is_present) VALUES
-- Diana (Present 8/10)
('00000000-0000-0000-0000-000000000004', '00000000-0000-0000-0000-00000000002B', true),
('00000000-0000-0000-0000-000000000004', '00000000-0000-0000-0000-00000000002B', true),
('00000000-0000-0000-0000-000000000004', '00000000-0000-0000-0000-00000000002B', false),
('00000000-0000-0000-0000-000000000004', '00000000-0000-0000-0000-00000000002B', true),
('00000000-0000-0000-0000-000000000004', '00000000-0000-0000-0000-00000000002B', false),
-- Eve (Present 7/10)
('00000000-0000-0000-0000-000000000005', '00000000-0000-0000-0000-00000000002B', true),
('00000000-0000-0000-0000-000000000005', '00000000-0000-0000-0000-00000000002B', false),
('00000000-0000-0000-0000-000000000005', '00000000-0000-0000-0000-00000000002B', true),
('00000000-0000-0000-0000-000000000005', '00000000-0000-0000-0000-00000000002B', false),
('00000000-0000-0000-0000-000000000005', '00000000-0000-0000-0000-00000000002B', false);
